actor_name,actor_imdb_url
Shayna McHayle,https://www.imdb.com/name/nm8973640/
Paul Grimstad,https://www.imdb.com/name/nm2563293/
Brooklyn Demme,https://www.imdb.com/name/nm2897664/
Sachi Diserafino,https://www.imdb.com/name/nm17694662/
Melissa Dueñas,https://www.imdb.com/name/nm10950813/
Vanessa Ganter,https://www.imdb.com/name/nm17694661/
Otillia Gupta,https://www.imdb.com/name/nm17695096/
Nia Leon,https://www.imdb.com/name/nm17695078/
Peter N. Lyas III,https://www.imdb.com/name/nm17695103/
Joe Silva,https://www.imdb.com/name/nm14683570/
Jeffrey Massagli,https://www.imdb.com/name/nm17695061/
Nicole J. Sunseri,https://www.imdb.com/name/nm17695071/
Tisha Sloan,https://www.imdb.com/name/nm16559929/
Jeremy Ekalo,https://www.imdb.com/name/nm12931119/
Alberto Garcia,https://www.imdb.com/name/nm17695081/
Antonio Tadeo Garcia,https://www.imdb.com/name/nm17695083/
John Hoogenakker,https://www.imdb.com/name/nm2139624/
Ted McCarthy,https://www.imdb.com/name/nm3903393/
Jeremy Boone,https://www.imdb.com/name/nm7024337/
James Raterman,https://www.imdb.com/name/nm16890555/
Bryan Pickens,https://www.imdb.com/name/nm17695079/
Travis Johnston,https://www.imdb.com/name/nm17695074/
Matthew Demildt,https://www.imdb.com/name/nm17695110/
Jason Belford,https://www.imdb.com/name/nm17695066/
Matthew McDonnell,https://www.imdb.com/name/nm17729339/
Jose L Barreiro,https://www.imdb.com/name/nm17504040/
Quentin L. Carter,https://www.imdb.com/name/nm17695077/
Brian Bishop,https://www.imdb.com/name/nm17695094/
Daniel Zinoviev,https://www.imdb.com/name/nm17695108/
Steve Knoll,https://www.imdb.com/name/nm3280335/
Sam Hunter,https://www.imdb.com/name/nm1443873/
Louis Hoffman,https://www.imdb.com/name/nm11857319/
Steven P. Jacobson,https://www.imdb.com/name/nm17695063/
Justin Millmore,https://www.imdb.com/name/nm17695067/
Peter Sutherland,https://www.imdb.com/name/nm17695090/
Carlos McFarland,https://www.imdb.com/name/nm17695091/
Colton Gantt,https://www.imdb.com/name/nm15927057/
Elisabeth Pease,https://www.imdb.com/name/nm17695084/
Autumn Crosswhite,https://www.imdb.com/name/nm17695102/
Omar Khattab,https://www.imdb.com/name/nm2755408/
Stephanie Coker,https://www.imdb.com/name/nm11955040/
Kayla Harvey,https://www.imdb.com/name/nm17695095/
Kimberlyn Ramirez Moreno,https://www.imdb.com/name/nm17695099/
Sydney Ann Taylor,https://www.imdb.com/name/nm17695104/
Maria Fernanda Jimenez Nava,https://www.imdb.com/name/nm17695064/
Dan Chariton,https://www.imdb.com/name/nm0152911/
Sandra Iturbe,https://www.imdb.com/name/nm17695088/
Marisela Borjas Ramirez,https://www.imdb.com/name/nm17695097/
Derrick J. Saenz,https://www.imdb.com/name/nm17695065/
Esperanza Rodarte De Santoyo,https://www.imdb.com/name/nm17695085/
Hadasa Genesaret Palomares,https://www.imdb.com/name/nm17695086/
Gilberto Martinez Jr.,https://www.imdb.com/name/nm17695093/
Luis Trejo,https://www.imdb.com/name/nm17695101/
Julian Corral,https://www.imdb.com/name/nm17695072/
Elijah Joseph Sambrano,https://www.imdb.com/name/nm17692424/
Sherron Gassoway,https://www.imdb.com/name/nm17695100/
Pearl Minnie Anderson,https://www.imdb.com/name/nm7744115/
Sister Kate,https://www.imdb.com/name/nm8971324/
Sister Lilly,https://www.imdb.com/name/nm17695098/
Sister Esme,https://www.imdb.com/name/nm17695092/
Sister Karina,https://www.imdb.com/name/nm18245138/
Sister Laura,https://www.imdb.com/name/nm17695087/
Sister Delphi,https://www.imdb.com/name/nm17695080/
Sister Yuka,https://www.imdb.com/name/nm17695105/
Bella Feinstein,https://www.imdb.com/name/nm5306256/
Madison Feinstein,https://www.imdb.com/name/nm5306157/
Tuesday Hansen,https://www.imdb.com/name/nm17695107/
Zoe Herschlag,https://www.imdb.com/name/nm13165610/
J. Izon,https://www.imdb.com/name/nm9844685/
Joanna Scott Satterwhite,https://www.imdb.com/name/nm17695073/
Robert Sherock,https://www.imdb.com/name/nm17695062/
Lynette M. Telles,https://www.imdb.com/name/nm17695082/
Ann Limbaugh-Brouhard,https://www.imdb.com/name/nm17695068/
Antonio Garcia,https://www.imdb.com/name/nm17695070/
Emilio Carranza,https://www.imdb.com/name/nm5852275/
Juan V. Ramirez,https://www.imdb.com/name/nm17695106/
Ron Bermudez Perea,https://www.imdb.com/name/nm15094693/
Edith Ascencion,https://www.imdb.com/name/nm17695076/
David Reynoso,https://www.imdb.com/name/nm17695075/
Timothy Kravitz,https://www.imdb.com/name/nm10906428/
Anthony Weise,https://www.imdb.com/name/nm17695069/
Juandi Aires,https://www.imdb.com/name/nm14633595/
Alyssa Alonzo,https://www.imdb.com/name/nm13842853/
Jim Anderson,https://www.imdb.com/name/nm6278446/
Bruce Arestad,https://www.imdb.com/name/nm16555870/
JC Argüelles,https://www.imdb.com/name/nm17316237/
Shelley K. Booker,https://www.imdb.com/name/nm3496376/
Aladria Brown,https://www.imdb.com/name/nm16200607/
Raven Clausen,https://www.imdb.com/name/nm13201719/
Enrique Covarrubias,https://www.imdb.com/name/nm11726627/
Genevieve Denny,https://www.imdb.com/name/nm13400617/
Anthony Xzavier Estrada,https://www.imdb.com/name/nm13340963/
Val Florez,https://www.imdb.com/name/nm14471677/
Alexis Hager,https://www.imdb.com/name/nm14088547/
Justin Higgs,https://www.imdb.com/name/nm15429154/
Skip Howland,https://www.imdb.com/name/nm10965185/
Natalia Iswara,https://www.imdb.com/name/nm3430064/
Stephanie Jaramillo,https://www.imdb.com/name/nm11308802/
Christopher Jensen,https://www.imdb.com/name/nm10660387/
Scott Jordan,https://www.imdb.com/name/nm14587239/
Lauren Kravchenko,https://www.imdb.com/name/nm14684271/
Brandon Larson,https://www.imdb.com/name/nm4580626/
Dirk Leatherman,https://www.imdb.com/name/nm3560175/
Mark Meloro Jr.,https://www.imdb.com/name/nm15697607/
Cesar Miramontes,https://www.imdb.com/name/nm2347731/
Susan Trishël Monsøn,https://www.imdb.com/name/nm1506581/
Pam Moralde,https://www.imdb.com/name/nm14507957/
Buddy Rahming,https://www.imdb.com/name/nm4957865/
Telles Alberto Rene,https://www.imdb.com/name/nm9245230/
Jose Rico,https://www.imdb.com/name/nm13508552/
Vanessa Salgado,https://www.imdb.com/name/nm7678683/
Anthony A. Snow,https://www.imdb.com/name/nm0811238/
Matt Spolnik,https://www.imdb.com/name/nm16569621/
Ben Steele,https://www.imdb.com/name/nm13221857/
Ryan Stubo,https://www.imdb.com/name/nm9255593/
Bogdan Szumilas,https://www.imdb.com/name/nm2851731/
Christian Tabor,https://www.imdb.com/name/nm15713890/
Andrew Tinajero,https://www.imdb.com/name/nm9759656/
Tracy Todd,https://www.imdb.com/name/nm13274942/
Jack Trout,https://www.imdb.com/name/nm12318235/
Robin Tweed,https://www.imdb.com/name/nm3137905/
Mario Valdez,https://www.imdb.com/name/nm15396988/
Steven Wiig,https://www.imdb.com/name/nm1679478/
Will Merrick,https://www.imdb.com/name/nm4465864/
Abdul Salis,https://www.imdb.com/name/nm1357414/
Callie Cooke,https://www.imdb.com/name/nm8424510/
Simon Kunz,https://www.imdb.com/name/nm0475336/
Barney Smith,https://www.imdb.com/name/nm17432059/
Poppy Smith,https://www.imdb.com/name/nm17432060/
Rosie Dwyer,https://www.imdb.com/name/nm9892194/
David Croft,https://www.imdb.com/name/nm2617621/
Leigh Diffey,https://www.imdb.com/name/nm1869099/
Will Redmond,https://www.imdb.com/name/nm2741151/
Kyle Rankin,https://www.imdb.com/name/nm11374120/
Rachel Walters,https://www.imdb.com/name/nm9318541/
Steven Sean Garland,https://www.imdb.com/name/nm4267274/
Avis-Marie Barnes,https://www.imdb.com/name/nm0055499/
Will Buxton,https://www.imdb.com/name/nm6166703/
Rachel Brookes,https://www.imdb.com/name/nm4844371/
Natalie Pinkham,https://www.imdb.com/name/nm1597875/
Maria Thoma,https://www.imdb.com/name/nm14713256/
Tom Clarkson,https://www.imdb.com/name/nm5098252/
Zoe Oedekerk,https://www.imdb.com/name/nm1529849/
Nancy Carroll,https://www.imdb.com/name/nm0140943/
Ankur Bahl,https://www.imdb.com/name/nm5900283/
Mohammed Alkhoori,https://www.imdb.com/name/nm17432061/
Salwa Al Hadhrami,https://www.imdb.com/name/nm17421134/
Darius De La Cruz,https://www.imdb.com/name/nm5232401/
Alexander Albon,https://www.imdb.com/name/nm2718641/
Fernando Alonso,https://www.imdb.com/name/nm1898955/
Oliver Bearman,https://www.imdb.com/name/nm15884710/
Valtteri Bottas,https://www.imdb.com/name/nm5388266/
Franco Colapinto,https://www.imdb.com/name/nm15462777/
Nyck de Vries,https://www.imdb.com/name/nm11362123/
Jack Doohan,https://www.imdb.com/name/nm15884714/
Pierre Gasly,https://www.imdb.com/name/nm9310716/
Zhou Guanyu,https://www.imdb.com/name/nm13166741/
Nico Hülkenberg,https://www.imdb.com/name/nm3822322/
Liam Lawson,https://www.imdb.com/name/nm15212222/
Charles Leclerc,https://www.imdb.com/name/nm9712430/
Kevin Magnussen,https://www.imdb.com/name/nm5626860/
Lando Norris,https://www.imdb.com/name/nm10586842/
Esteban Ocon,https://www.imdb.com/name/nm6930169/
Sergio Pérez,https://www.imdb.com/name/nm4072101/
Oscar Piastri,https://www.imdb.com/name/nm14350803/
Daniel Ricciardo,https://www.imdb.com/name/nm3912020/
George Russell,https://www.imdb.com/name/nm10586843/
Carlos Sainz,https://www.imdb.com/name/nm4419678/
Logan Sargeant,https://www.imdb.com/name/nm14350802/
Lance Stroll,https://www.imdb.com/name/nm8901832/
Yuki Tsunoda,https://www.imdb.com/name/nm12158726/
Zak Brown,https://www.imdb.com/name/nm9537655/
Christian Horner,https://www.imdb.com/name/nm2712718/
Guenther Steiner,https://www.imdb.com/name/nm7375780/
Lawrence Stroll,https://www.imdb.com/name/nm14598804/
Frédéric Vasseur,https://www.imdb.com/name/nm14079477/
James Vowles,https://www.imdb.com/name/nm16405520/
Toto Wolff,https://www.imdb.com/name/nm5623502/
Stefano Domenicali,https://www.imdb.com/name/nm2652482/
Roscoe,https://www.imdb.com/name/nm17434334/
Jordan Alexis,https://www.imdb.com/name/nm16347658/
Jeremy Angel,https://www.imdb.com/name/nm6274681/
Ilez Badurgov,https://www.imdb.com/name/nm10527404/
Rebecca Bellavia,https://www.imdb.com/name/nm6329927/
Sean Patrick Bryan,https://www.imdb.com/name/nm11771250/
Gianni Calchetti,https://www.imdb.com/name/nm10541166/
Keith Paul Carpenter,https://www.imdb.com/name/nm14911184/
Jeremy Chavez,https://www.imdb.com/name/nm12090303/
Spoon Cook,https://www.imdb.com/name/nm17424740/
Andre D'Cruz,https://www.imdb.com/name/nm14549519/
Susie Dragañac,https://www.imdb.com/name/nm10270368/
Shane Gardner,https://www.imdb.com/name/nm10637762/
Alexander Garganera,https://www.imdb.com/name/nm7097465/
Cristina Grigore,https://www.imdb.com/name/nm17232435/
Phillip Allen Hall III,https://www.imdb.com/name/nm6376322/
Timmy Hanlon,https://www.imdb.com/name/nm11412975/
Viktor Heiczman,https://www.imdb.com/name/nm16031455/
Galenka Herrera,https://www.imdb.com/name/nm17178024/
Mark Jones,https://www.imdb.com/name/nm15282307/
Ranjit Josen,https://www.imdb.com/name/nm15059790/
Adam Kaluski,https://www.imdb.com/name/nm17283280/
Kurt Leucht,https://www.imdb.com/name/nm12588617/
Adrian Lorenzo,https://www.imdb.com/name/nm7463063/
Joel Meakin-Collins,https://www.imdb.com/name/nm15989276/
Walter Medina,https://www.imdb.com/name/nm1866346/
Joe Mignone,https://www.imdb.com/name/nm4143117/
Andy M Milligan,https://www.imdb.com/name/nm13580290/
Dan Ming,https://www.imdb.com/name/nm0591238/
Basil B Moore,https://www.imdb.com/name/nm9959418/
Louis Roy Pearo,https://www.imdb.com/name/nm11041933/
Audio Potter,https://www.imdb.com/name/nm16820844/
Jermaine Riley,https://www.imdb.com/name/nm7486404/
Mykyta Rozenko,https://www.imdb.com/name/nm11650291/
Aliah Scott,https://www.imdb.com/name/nm17073434/
Dave Simon,https://www.imdb.com/name/nm6078944/
Harry Szovik,https://www.imdb.com/name/nm10473018/
Randy Taylor-Weber,https://www.imdb.com/name/nm16343174/
Thomas VanDamme,https://www.imdb.com/name/nm13050381/
Paulina Walker,https://www.imdb.com/name/nm15489356/
Gilbert White,https://www.imdb.com/name/nm15245134/
Andy Willis,https://www.imdb.com/name/nm2036611/
Mary Zema,https://www.imdb.com/name/nm14009880/
Kyle Gatehouse,https://www.imdb.com/name/nm2497549/
Sofia Galasso,https://www.imdb.com/name/nm12233053/
Peter Millard,https://www.imdb.com/name/nm0587744/
Kenton Craig,https://www.imdb.com/name/nm16537546/
Val Ovtcharov,https://www.imdb.com/name/nm4421621/
Dexter Stokes-Mellor,https://www.imdb.com/name/nm17827497/
Rafe Harwood,https://www.imdb.com/name/nm16254159/
Rebecca Lawson-Turner,https://www.imdb.com/name/nm4109207/
Warren Albert,https://www.imdb.com/name/nm17708739/
Lewis Landini,https://www.imdb.com/name/nm17708733/
William John Banks,https://www.imdb.com/name/nm10258215/
Tess Letham,https://www.imdb.com/name/nm13945258/
Alexandros Beshonges,https://www.imdb.com/name/nm16017366/
Maria Peneva,https://www.imdb.com/name/nm16877106/
Kieran Brown,https://www.imdb.com/name/nm8954870/
Jessica Roberts-Smith,https://www.imdb.com/name/nm17708741/
Rachel Elderkin,https://www.imdb.com/name/nm17708734/
Jennifer Steele,https://www.imdb.com/name/nm17708732/
Jorja Follina,https://www.imdb.com/name/nm17708740/
Malcolm Sutherland,https://www.imdb.com/name/nm17708735/
Alex Henderson,https://www.imdb.com/name/nm5228245/
Yasmin Hepburn,https://www.imdb.com/name/nm17708736/
Pawel Wieczorek,https://www.imdb.com/name/nm11212806/
Matthew Barr,https://www.imdb.com/name/nm10410334/
Liam Bell,https://www.imdb.com/name/nm13789176/
Christopher Brown,https://www.imdb.com/name/nm8443781/
Mark Burns,https://www.imdb.com/name/nm6716081/
Trevor Carter,https://www.imdb.com/name/nm16578016/
Liubov Elkina,https://www.imdb.com/name/nm16934916/
Paul Donnelly Jnr,https://www.imdb.com/name/nm10429764/
